{
  "hash": "21db3510",
  "configHash": "89f2f94e",
  "lockfileHash": "12124471",
  "browserHash": "8b18908d",
  "optimized": {
    "@angular/common": {
      "src": "../../../../../../node_modules/@angular/common/fesm2022/common.mjs",
      "file": "@angular_common.js",
      "fileHash": "ff2a7bfd",
      "needsInterop": false
    },
    "@angular/common/http": {
      "src": "../../../../../../node_modules/@angular/common/fesm2022/http.mjs",
      "file": "@angular_common_http.js",
      "fileHash": "3c441258",
      "needsInterop": false
    },
    "@angular/core": {
      "src": "../../../../../../node_modules/@angular/core/fesm2022/core.mjs",
      "file": "@angular_core.js",
      "fileHash": "beefcae5",
      "needsInterop": false
    },
    "@angular/forms": {
      "src": "../../../../../../node_modules/@angular/forms/fesm2022/forms.mjs",
      "file": "@angular_forms.js",
      "fileHash": "fc010276",
      "needsInterop": false
    },
    "@angular/platform-browser": {
      "src": "../../../../../../node_modules/@angular/platform-browser/fesm2022/platform-browser.mjs",
      "file": "@angular_platform-browser.js",
      "fileHash": "fc488af8",
      "needsInterop": false
    },
    "@angular/router": {
      "src": "../../../../../../node_modules/@angular/router/fesm2022/router.mjs",
      "file": "@angular_router.js",
      "fileHash": "cb8639f5",
      "needsInterop": false
    }
  },
  "chunks": {
    "chunk-BVERNMTA": {
      "file": "chunk-BVERNMTA.js"
    },
    "chunk-3Y6XQD4D": {
      "file": "chunk-3Y6XQD4D.js"
    },
    "chunk-HC2OGE54": {
      "file": "chunk-HC2OGE54.js"
    },
    "chunk-RG2QTQMZ": {
      "file": "chunk-RG2QTQMZ.js"
    }
  }
}